{
  "config": {
    "seed": 42,
    "data_dir": "/kaggle/input/datasets/luquang231/datathonvinu",
    "output_dir": "/kaggle/working/outputs",
    "gpu_count": 2,
    "mode": "parallel-threading",
    "cv_max_splits": 6,
    "initial_train_days": 1825,
    "val_days": 548,
    "step_days": 180,
    "gap_days": 28,
    "enable_optuna": true,
    "n_trials": 20,
    "optuna_timeout": 0,
    "xgb_cv_estimators": 2500,
    "xgb_final_estimators": 1800,
    "use_cross_table_features": true,
    "use_multi_seed": true,
    "bagging_seeds": [
      42,
      142,
      242
    ],
    "use_prophet_cv": false,
    "use_prophet_final": false,
    "use_residual_sarima": true
  },
  "targets": {
    "revenue": {
      "gpu_id": 0,
      "best_params": {
        "learning_rate": 0.039974221133479794,
        "max_depth": 4,
        "min_child_weight": 14,
        "subsample": 0.8091265423630437,
        "colsample_bytree": 0.5806965496705597,
        "reg_alpha": 0.0008538345864434826,
        "reg_lambda": 0.03588273800104134,
        "gamma": 0.04864081419485444,
        "tweedie_variance_power": 1.527769942769895
      },
      "blend_weights_global": {
        "l1": 0.62,
        "tweedie": 0.38,
        "prophet_or_sn": 0.0
      },
      "blend_weights_bucket": {
        "h01_030": [
          0.18,
          0.8200000000000001,
          0.0
        ],
        "h031_090": [
          0.7000000000000001,
          0.26,
          0.039999999999999925
        ],
        "h091_180": [
          0.72,
          0.28,
          0.0
        ],
        "h181_365": [
          0.0,
          1.0,
          0.0
        ],
        "h366_plus": [
          0.92,
          0.0,
          0.07999999999999996
        ]
      },
      "event_multipliers": {
        "is_tet_week": 1.0873457584850217,
        "is_dd_9_9": 1.0,
        "is_dd_10_10": 1.0,
        "is_dd_11_11": 1.0,
        "is_dd_12_12": 1.0,
        "is_black_friday": 1.0,
        "is_payday_window": 0.988624332259998
      },
      "metrics": {
        "l1": {
          "MAE": 575200.7663371892,
          "RMSE": 795149.6615494293,
          "R2": 0.7839641605967947,
          "sMAPE": 20.13733853178594,
          "MASE": 0.33035676622180427
        },
        "tweedie": {
          "MAE": 575859.4007467196,
          "RMSE": 802752.7416834354,
          "R2": 0.779813015960096,
          "sMAPE": 20.00625774845134,
          "MASE": 0.33073504168037227
        },
        "prophet_or_sn": {
          "MAE": 1149972.3774171271,
          "RMSE": 1748847.1209712198,
          "R2": -0.04503717693137754,
          "sMAPE": 32.56686667028888,
          "MASE": 0.6604670544288183
        },
        "blend": {
          "MAE": 567733.9647228937,
          "RMSE": 786146.7566528482,
          "R2": 0.7888285014315419,
          "sMAPE": 19.772093652106683,
          "MASE": 0.3260683358516117
        },
        "blend_event": {
          "MAE": 568009.0660927304,
          "RMSE": 787593.1091064907,
          "R2": 0.7880507601865696,
          "sMAPE": 19.780474281963166,
          "MASE": 0.32622633563923575
        },
        "bucket_blend_event": {
          "h01_030": {
            "MAE": 592075.1272085926,
            "RMSE": 833551.4449664188,
            "R2": 0.7891230472393393,
            "sMAPE": 20.930106799299686,
            "MASE": 0.34004826806912397
          },
          "h031_090": {
            "MAE": 631504.2310223813,
            "RMSE": 884443.9554473658,
            "R2": 0.7381584472269092,
            "sMAPE": 18.668288128774513,
            "MASE": 0.36269370248655874
          },
          "h091_180": {
            "MAE": 525241.9362767237,
            "RMSE": 715467.7412910754,
            "R2": 0.8103455663222529,
            "sMAPE": 19.91480003230209,
            "MASE": 0.30166376282388274
          },
          "h181_365": {
            "MAE": 433458.91455165873,
            "RMSE": 604947.4224233404,
            "R2": 0.589269710841139,
            "sMAPE": 21.714575193071326,
            "MASE": 0.24894974708249293
          },
          "h366_plus": {
            "MAE": 681647.7423780434,
            "RMSE": 897478.8653689767,
            "R2": 0.7135947004424007,
            "sMAPE": 18.48598569338019,
            "MASE": 0.3914927744418143
          }
        }
      }
    },
    "cogs": {
      "gpu_id": 1,
      "best_params": {
        "learning_rate": 0.015747637612896152,
        "max_depth": 5,
        "min_child_weight": 35,
        "subsample": 0.6972400810992583,
        "colsample_bytree": 0.9310555835209764,
        "reg_alpha": 0.17684004474089898,
        "reg_lambda": 0.016144494744953167,
        "gamma": 0.1536851034254262,
        "tweedie_variance_power": 1.4571890183444869
      },
      "blend_weights_global": {
        "l1": 0.08,
        "tweedie": 0.92,
        "prophet_or_sn": 0.0
      },
      "blend_weights_bucket": {
        "h01_030": [
          0.0,
          0.9400000000000001,
          0.05999999999999994
        ],
        "h031_090": [
          0.86,
          0.08,
          0.06000000000000001
        ],
        "h091_180": [
          0.16,
          0.84,
          0.0
        ],
        "h181_365": [
          0.0,
          0.86,
          0.14
        ],
        "h366_plus": [
          0.0,
          1.0,
          0.0
        ]
      },
      "event_multipliers": {
        "is_tet_week": 1.0821386438801954,
        "is_dd_9_9": 1.0,
        "is_dd_10_10": 1.0,
        "is_dd_11_11": 1.0,
        "is_dd_12_12": 1.0,
        "is_black_friday": 1.0,
        "is_payday_window": 0.9974931824699428
      },
      "metrics": {
        "l1": {
          "MAE": 515940.316319924,
          "RMSE": 726162.9025672614,
          "R2": 0.7560072978039266,
          "sMAPE": 20.348223349201806,
          "MASE": 0.33432397544064435
        },
        "tweedie": {
          "MAE": 506944.1153962362,
          "RMSE": 711838.4702853604,
          "R2": 0.7655384507649028,
          "sMAPE": 20.207560006515415,
          "MASE": 0.32849453051933464
        },
        "prophet_or_sn": {
          "MAE": 904052.6481353592,
          "RMSE": 1362641.9665148514,
          "R2": 0.1408435785669332,
          "sMAPE": 30.26517657503101,
          "MASE": 0.5858167423086946
        },
        "blend": {
          "MAE": 505434.6300043162,
          "RMSE": 706124.3627769321,
          "R2": 0.7692875071721328,
          "sMAPE": 20.145915670066557,
          "MASE": 0.3275163996364917
        },
        "blend_event": {
          "MAE": 506190.537268667,
          "RMSE": 706320.6335536359,
          "R2": 0.769159233979066,
          "sMAPE": 20.179131697145728,
          "MASE": 0.32800621970615557
        },
        "bucket_blend_event": {
          "h01_030": {
            "MAE": 498986.71622642025,
            "RMSE": 717509.5748123715,
            "R2": 0.7862655194063439,
            "sMAPE": 19.843330170319923,
            "MASE": 0.3233382183637028
          },
          "h031_090": {
            "MAE": 533758.55983602,
            "RMSE": 761706.7936720366,
            "R2": 0.7486370295252331,
            "sMAPE": 18.78561932286805,
            "MASE": 0.34587001249035776
          },
          "h091_180": {
            "MAE": 472026.613420975,
            "RMSE": 645844.2752507124,
            "R2": 0.7752363995006748,
            "sMAPE": 20.728195675344864,
            "MASE": 0.30586835128199197
          },
          "h181_365": {
            "MAE": 432411.4200894789,
            "RMSE": 640003.6853681915,
            "R2": 0.6345138720786252,
            "sMAPE": 21.459514030159145,
            "MASE": 0.28019811675389017
          },
          "h366_plus": {
            "MAE": 634441.1122373057,
            "RMSE": 809214.5296412407,
            "R2": 0.7122829307935635,
            "sMAPE": 20.336199728476835,
            "MASE": 0.4111112625178834
          }
        }
      }
    },
    "cogs_ratio": {
      "gpu_id": 0,