{
  "config": {
    "seed": 42,
    "data_dir": "/kaggle/input/datasets/luquang231/datathonvinu",
    "output_dir": "/kaggle/working/outputs",
    "gpu_count": 2,
    "mode": "parallel-threading",
    "cv_max_splits": 4,
    "xgb_cv_estimators": 1200,
    "xgb_final_estimators": 1000,
    "xgb_n_jobs": 1,
    "use_prophet_cv": false,
    "use_prophet_final": false,
    "use_residual_sarima": false
  },
  "revenue": {
    "gpu_id": 0,
    "blend_weights": {
      "l1": 0.36,
      "tweedie": 0.64,
      "prophet": 0.0
    },
    "event_multipliers": {
      "is_tet_week": 0.9504452792249936,
      "is_dd_9_9": 1.0,
      "is_dd_10_10": 1.0,
      "is_dd_11_11": 1.0,
      "is_dd_12_12": 1.0,
      "is_black_friday": 1.0
    },
    "metrics": {
      "l1": {
        "MAE": 601069.8046440972,
        "RMSE": 807792.0377952991,
        "R2": 0.7795727380294505
      },
      "tweedie": {
        "MAE": 593156.1133246528,
        "RMSE": 792496.3995949231,
        "R2": 0.787841339104037
      },
      "prophet": {
        "MAE": 1552132.4356336806,
        "RMSE": 2223449.803303191,
        "R2": -0.6700167549302192
      },
      "blend": {
        "MAE": 588035.4980052083,
        "RMSE": 785411.0525126497,
        "R2": 0.7916180072611742
      },
      "blend_event": {
        "MAE": 587372.6186904398,
        "RMSE": 785003.3999272276,
        "R2": 0.7918342645003534
      },
      "blend_objective": 785411.0579046496
    }
  },
  "cogs": {
    "gpu_id": 1,
    "blend_weights": {
      "l1": 0.96,
      "tweedie": 0.04,
      "prophet": 3.469446951953614e-17
    },
    "event_multipliers": {
      "is_tet_week": 0.8986721658937274,
      "is_dd_9_9": 1.0,
      "is_dd_10_10": 1.0,
      "is_dd_11_11": 1.0,
      "is_dd_12_12": 1.0,
      "is_black_friday": 1.0
    },
    "metrics": {
      "l1": {
        "MAE": 546245.088671875,
        "RMSE": 739602.7453126449,
        "R2": 0.7443882756390732
      },
      "tweedie": {
        "MAE": 561666.8359809028,
        "RMSE": 787502.9292940239,
        "R2": 0.7102068625000606
      },
      "prophet": {
        "MAE": 1201608.5928385416,
        "RMSE": 1717001.2333098054,
        "R2": -0.3776057767393277
      },
      "blend": {
        "MAE": 545793.4466753472,
        "RMSE": 739404.0894101268,
        "R2": 0.7445255708521505
      },
      "blend_event": {
        "MAE": 544076.8167942592,
        "RMSE": 738106.5350520449,
        "R2": 0.745421430374283
      },
      "blend_objective": 739404.0986421268
    }
  }
}