{
  "config": {
    "seed": 42,
    "data_dir": "/kaggle/input/datasets/luquang231/datathonvinu",
    "output_dir": "/kaggle/working/outputs",
    "gpu_count": 2,
    "mode": "single-gpu/sequential",
    "cv_max_splits": 8,
    "initial_train_days": 1825,
    "val_days": 548,
    "step_days": 150,
    "gap_days": 28,
    "enable_optuna": true,
    "n_trials": 150,
    "optuna_timeout": 3600,
    "xgb_cv_estimators": 2500,
    "xgb_final_estimators": 2200,
    "use_cross_table_features": true,
    "train_recent_years": null,
    "use_multi_seed": true,
    "bagging_seeds": [
      42,
      142,
      242,
      342,
      442
    ],
    "use_huber_model": true,
    "huber_slope": 500000.0,
    "use_prophet_cv": false,
    "use_prophet_final": false,
    "use_residual_sarima": true,
    "use_residual_stacker": true,
    "use_duan_smearing": true,
    "use_linear_calibration": true,
    "use_prediction_winsor": true,
    "winsor_q_low": 0.01,
    "winsor_q_high": 0.99,
    "composite_alpha": 0.5
  },
  "targets": {
    "revenue": {
      "gpu_id": 0,
      "best_params": {
        "learning_rate": 0.023451749088391927,
        "max_depth": 4,
        "min_child_weight": 8,
        "subsample": 0.9006488896540906,
        "colsample_bytree": 0.7560854426461132,
        "reg_alpha": 0.3058978485236271,
        "reg_lambda": 0.0026603922137726542,
        "gamma": 0.021184559243112716,
        "tweedie_variance_power": 1.2609625586418618,
        "huber_slope": 328751.035689051
      },
      "pred_cols": [
        "pred_l1",
        "pred_tweedie",
        "pred_huber",
        "pred_prophet"
      ],
      "blend_weights_global": {
        "pred_l1": 0.5065054968032383,
        "pred_tweedie": 0.4900193710013248,
        "pred_huber": 0.0,
        "pred_prophet": 0.0034751321954369528
      },
      "blend_weights_bucket": {
        "h01_030": [
          0.5125281378908555,
          0.4874718621091445,
          1.5914129967446556e-18,
          0.0
        ],
        "h031_090": [
          0.48446149327540633,
          0.4934636519257649,
          3.1846135272592514e-19,
          0.022074854798828765
        ],
        "h091_180": [
          0.4815092312440294,
          0.5184907687559707,
          0.0,
          3.642919299551295e-17
        ],
        "h181_365": [
          0.5518803350213978,
          0.4171559719263758,
          0.0025473867240021083,
          0.028416306328224245
        ],
        "h366_plus": [
          0.35009667680493384,
          0.27625949058215227,
          0.001530924281286392,
          0.3721129083316276
        ]
      },
      "event_multipliers": {
        "is_tet_week": 1.0528711357262417,
        "is_dd_9_9": 1.0314025562186624,
        "is_dd_10_10": 0.9559050101232337,
        "is_dd_11_11": 0.9837666452090406,
        "is_dd_12_12": 0.969590587567547,
        "is_black_friday": 0.9921102510048103,
        "is_payday_window": 0.976074392816492
      },
      "calibration": {
        "a": 1.0132344147467909,
        "b": -10490.867867643014
      },
      "duan_smearing_mean": 1.0084922782366705,
      "winsor_bounds": {
        "lo": 413605.671875,
        "hi": 20894245.320000008
      },
      "stacker_used": true,
      "metrics": {
        "l1": {
          "MAE": 555962.8602616056,
          "RMSE": 772635.2157799037,
          "R2": 0.78949711898685,
          "sMAPE": 19.867261240828096,
          "MASE": 0.3193078024304678
        },
        "tweedie": {
          "MAE": 558208.5834832604,
          "RMSE": 774478.133643665,
          "R2": 0.7884917229716345,
          "sMAPE": 20.008550303396582,
          "MASE": 0.320597595324972
        },
        "prophet_or_sn": {
          "MAE": 1097354.4479622967,
          "RMSE": 1675207.7523059607,
          "R2": 0.01043028729509543,
          "sMAPE": 31.894973376010554,
          "MASE": 0.6302468425701385
        },
        "blend": {
          "MAE": 545178.5620653731,
          "RMSE": 752154.5252318517,
          "R2": 0.8005090530769737,
          "sMAPE": 19.531186968396362,
          "MASE": 0.31311402438534164
        },
        "blend_event": {
          "MAE": 545826.1071633671,
          "RMSE": 755147.4915824241,
          "R2": 0.7989182692727947,
          "sMAPE": 19.546117280321795,
          "MASE": 0.31348593088664606
        },
        "final_calibrated": {
          "MAE": 546800.1443767906,
          "RMSE": 754316.0219669798,
          "R2": 0.7993608352760266,
          "sMAPE": 19.57808368033196,
          "MASE": 0.3140453525752772
        },
        "huber": {
          "MAE": 162342099.5764041,
          "RMSE": 177279845.34257707,
          "R2": -11081.245705252544,
          "sMAPE": 191.59613404694863,
          "MASE": 93.23842069827843
        },
        "bucket_final": {
          "h01_030": {
            "MAE": 605159.0168209083,
            "RMSE": 855072.4705266941,
            "R2": 0.8025953788200515,
            "sMAPE": 18.4436127407041,
            "MASE": 0.34756277728901236
          },
          "h031_090": {
            "MAE": 546266.2151304304,
            "RMSE": 752868.479558322,
            "R2": 0.7662550543621904,
            "sMAPE": 20.026051907213,
            "MASE": 0.3137386994038254
          },
          "h091_180": {
            "MAE": 521839.5365415759,
            "RMSE": 717893.9272800828,
            "R2": 0.8096221894220267,
            "sMAPE": 20.15718019507522,
            "MASE": 0.2997096524685456
          },
          "h181_365": {
            "MAE": 613388.0566585681,
            "RMSE": 830808.4911169983,
            "R2": 0.7933808105390135,
            "sMAPE": 18.717750591298955,
            "MASE": 0.35228898620418975
          },
          "h366_plus": {
            "MAE": 473911.0890516278,
            "RMSE": 623627.6887376779,
            "R2": 0.7790804518002363,
            "sMAPE": 19.14677589650589,
            "MASE": 0.2721827647287455
          }
        }
      }
    },
    "cogs": {
      "gpu_id": 0,
      "best_params": {
        "learning_rate": 0.018561890440484383,
        "max_depth": 4,
        "min_child_weight": 23,
        "subsample": 0.8098224661072345,
        "colsample_bytree": 0.5506752549486558,
        "reg_alpha": 0.002944472819239068,
        "reg_lambda": 0.05840398452311813,
        "gamma": 0.04917062539369181,
        "tweedie_variance_power": 1.130497597071087,
        "huber_slope": 670671.334371272
      },
      "pred_cols": [
        "pred_l1",
        "pred_tweedie",
        "pred_huber",
        "pred_prophet"
      ],
      "blend_weights_global": {
        "pred_l1": 0.48999796378200566,
        "pred_tweedie": 0.5100020362179941,
        "pred_huber": 0.0,
        "pred_prophet": 1.1614515772750966e-16
      },
      "blend_weights_bucket": {
        "h01_030": [
          0.4526183686986625,
          0.5473816313013374,
          0.0,
          8.326672684688674e-17
        ],
        "h031_090": [
          0.3842459902113687,
          0.5342898820170224,
          1.0260410867811243e-18,
          0.08146412777160877
        ],
        "h091_180": [
          0.5379886664053779,
          0.4620113335946221,
          1.2783102045435909e-17,
          8.977193988179977e-17
        ],
        "h181_365": [
          0.4766825996160287,
          0.5108693481737812,
          0.01244805221019019,
          1.806911012287198e-18
        ],
        "h366_plus": [
          0.4101836015085635,
          0.25983500225363576,
          0.008220160538400507,
          0.32176123569940035
        ]
      },
      "event_multipliers": {
        "is_tet_week": 1.0206705517174923,
        "is_dd_9_9": 1.0256625867944764,
        "is_dd_10_10": 0.9463741115076025,
        "is_dd_11_11": 0.9882100719298895,
        "is_dd_12_12": 0.9765297586805716,
        "is_black_friday": 0.9908051710462475,
        "is_payday_window": 0.9697192846564047
      },
      "calibration": {
        "a": 1.0193464070549574,