{
  "config": {
    "data_dir": "d:\\Datathon\\Datathon_VinU\\dataset",
    "out_dir": "d:\\Datathon\\Datathon_VinU\\output\\smoketest_v4",
    "n_trials": 0,
    "seed": 42,
    "disable_prophet": true,
    "disable_optuna": true,
    "optuna_timeout": 0,
    "use_l2_head": true,
    "use_tweedie_head": true,
    "use_quantile_head": true,
    "use_catboost_head": false,
    "short_cv": {
      "max_splits": 1,
      "initial_train_days": 730,
      "val_days": 120,
      "step_days": 60,
      "gap_days": 28
    },
    "realistic_probe": {
      "enabled": true,
      "initial_train_days": 2555,
      "val_days": 120,
      "gap_days": 28
    }
  },
  "targets": {
    "revenue": {
      "best_params": {
        "learning_rate": 0.03,
        "num_leaves": 63,
        "max_depth": 8,
        "min_data_in_leaf": 30,
        "feature_fraction": 0.9,
        "bagging_fraction": 0.8,
        "bagging_freq": 1,
        "lambda_l1": 0.01,
        "lambda_l2": 0.1,
        "min_gain_to_split": 0.0,
        "max_bin": 63
      },
      "used_heads": [
        "pred_l1",
        "pred_prophet",
        "pred_l2",
        "pred_tweedie",
        "pred_quantile"
      ],
      "blend_weights_global": {
        "pred_l1": 0.2956733893484848,
        "pred_prophet": 0.13936996832769594,
        "pred_l2": 0.0,
        "pred_tweedie": 0.5649566423238191,
        "pred_quantile": 0.0
      },
      "blend_weights_bucket": {
        "h01_030": {
          "pred_l1": 0.4719544913598944,
          "pred_prophet": 0.21341577519441457,
          "pred_l2": 0.0,
          "pred_tweedie": 0.28247832116190963,
          "pred_quantile": 0.032151412283781454
        },
        "h031_090": {
          "pred_l1": 0.11833521254306183,
          "pred_prophet": 0.35735610635933013,
          "pred_l2": 0.018545367588832375,
          "pred_tweedie": 0.5057633135087757,
          "pred_quantile": 0.0
        },
        "h091_180": {
          "pred_l1": 0.14783669467424243,
          "pred_prophet": 0.345807302732432,
          "pred_l2": 0.10512159912644793,
          "pred_tweedie": 0.3945089158819847,
          "pred_quantile": 0.006725487584892945
        },
        "h181_plus": {
          "pred_l1": 0.2956733893484848,
          "pred_prophet": 0.13936996832769594,
          "pred_l2": 0.0,
          "pred_tweedie": 0.5649566423238191,
          "pred_quantile": 0.0
        }
      },
      "event_multipliers": {
        "is_tet_week": 1.0,
        "is_dd_9_9": 1.0,
        "is_dd_10_10": 1.0,
        "is_dd_11_11": 1.0,
        "is_dd_12_12": 1.0,
        "is_black_friday": 1.0,
        "is_payday_window": 0.9936517835146844
      },
      "metrics": {
        "l1": {
          "MAE": 663958.1292296377,
          "RMSE": 900970.0941223982,
          "R2": 0.6889756243444908,
          "sMAPE": 16.85913054040529,
          "MASE": 0.7512363479824853
        },
        "l2_raw": {
          "MAE": 723704.158903484,
          "RMSE": 931238.8257023676,
          "R2": 0.6677264093424,
          "sMAPE": 17.86454019845598,
          "MASE": 0.8188360762826866
        },
        "tweedie": {
          "MAE": 675767.3753398769,
          "RMSE": 897331.2121139142,
          "R2": 0.691482911691649,
          "sMAPE": 17.2518844084185,
          "MASE": 0.7645979359045666
        },
        "quantile": {
          "MAE": 670045.8048639297,
          "RMSE": 910214.4449105414,
          "R2": 0.682560386022844,
          "sMAPE": 16.98916013354083,
          "MASE": 0.7581242570386086
        },
        "prophet_or_sn": {
          "MAE": 1179443.9951666668,
          "RMSE": 1567980.731540582,
          "R2": 0.057990855934121566,
          "sMAPE": 27.303886263181248,
          "MASE": 1.3344835473389183
        },
        "blend": {
          "MAE": 712499.2847256814,
          "RMSE": 878427.5698046531,
          "R2": 0.7043447527305279,
          "sMAPE": 18.044086488525792,
          "MASE": 0.8061583058234226
        },
        "blend_event": {
          "MAE": 712254.6577422033,
          "RMSE": 877555.5903603169,
          "R2": 0.7049314313609614,
          "sMAPE": 18.054972160371122,
          "MASE": 0.8058815222830219
        },
        "final_calibrated": {
          "MAE": 689558.4324571551,
          "RMSE": 856744.5723151406,
          "R2": 0.7187604469503227,
          "sMAPE": 17.690257609359126,
          "MASE": 0.7802018466445746
        },
        "bucket_final": {
          "h01_030": {
            "MAE": 886768.6098629856,
            "RMSE": 1047618.3788203015,
            "R2": 0.6657775230402624,
            "sMAPE": 22.442901267244643,
            "MASE": 1.003335575922395
          },
          "h031_090": {
            "MAE": 667532.1136740346,
            "RMSE": 838455.8799664305,
            "R2": 0.6900214637216957,
            "sMAPE": 15.284942270247631,
            "MASE": 0.7552801376486652
          },
          "h091_180": {
            "MAE": 536400.8926175657,
            "RMSE": 657665.7630006095,
            "R2": 0.6074587018236749,
            "sMAPE": 17.7482446296966,
            "MASE": 0.6069115353585731
          }
        },
        "final_calibrated_ci": {
          "MAE": {
            "lo": 622753.3831117784,
            "hi": 753217.6176396774
          },
          "RMSE": {
            "lo": 770234.9090234747,
            "hi": 1023588.3937562337
          },
          "R2": {
            "lo": 0.6138518200930171,
            "hi": 0.7266468414697603
          }
        }
      },
      "realistic_probe_metrics": {
        "MAE": 532285.6872026006,
        "RMSE": 714955.216780329,
        "R2": 0.7200399895492391
      }
    },
    "cogs": {
      "best_params": {
        "learning_rate": 0.03,
        "num_leaves": 63,
        "max_depth": 8,
        "min_data_in_leaf": 30,
        "feature_fraction": 0.9,
        "bagging_fraction": 0.8,
        "bagging_freq": 1,
        "lambda_l1": 0.01,
        "lambda_l2": 0.1,
        "min_gain_to_split": 0.0,
        "max_bin": 63
      },
      "used_heads": [
        "pred_l1",
        "pred_prophet",
        "pred_l2",
        "pred_tweedie",
        "pred_quantile"
      ],
      "blend_weights_global": {
        "pred_l1": 0.06333333333333332,
        "pred_prophet": 0.17222222222222222,
        "pred_l2": 0.12777777777777777,
        "pred_tweedie": 0.6366666666666667,
        "pred_quantile": 0.0
      },
      "blend_weights_bucket": {
        "h01_030": {
          "pred_l1": 0.03166666666666666,
          "pred_prophet": 0.33540452677864235,
          "pred_l2": 0.06388888888888888,
          "pred_tweedie": 0.5690399176658022,
          "pred_quantile": 0.0
        },
        "h031_090": {
          "pred_l1": 0.02111111111111111,
          "pred_prophet": 0.24486939951034456,
          "pred_l2": 0.19761204511980665,
          "pred_tweedie": 0.5364074442587377,
          "pred_quantile": 0.0
        },
        "h091_180": {
          "pred_l1": 0.03166666666666666,
          "pred_prophet": 0.3290508452950143,
          "pred_l2": 0.11220172064191347,
          "pred_tweedie": 0.5270807673964055,
          "pred_quantile": 0.0
        },
        "h181_plus": {
          "pred_l1": 0.06333333333333332,
          "pred_prophet": 0.17222222222222222,
          "pred_l2": 0.12777777777777777,
          "pred_tweedie": 0.6366666666666667,
          "pred_quantile": 0.0
        }
      },
      "event_multipliers": {
        "is_tet_week": 1.0,
        "is_dd_9_9": 1.0,
        "is_dd_10_10": 1.0,
        "is_dd_11_11": 1.0,
        "is_dd_12_12": 1.0,
        "is_black_friday": 1.0,
        "is_payday_window": 1.017974354859914
      },
      "metrics": {
        "l1": {
          "MAE": 609194.7382322287,
          "RMSE": 881268.5263943732,
          "R2": 0.7432133395296314,
          "sMAPE": 16.095745795305625,
          "MASE": 0.7822060740281608
        },
        "l2_raw": {
          "MAE": 566836.9681555072,
          "RMSE": 774244.3976029904,